Problem,Provider,OperationKind,Operation,Disposition,Status,gemm_kind,m,n,k,A,B,C,D,alpha,beta,split_k_mode,split_k_slices,batch_count,raster_order,runtime_input_datatype_a,runtime_input_datatype_b,use_pdl,enable_sm90_mixed_dtype_shuffle_test,swizzle_size,op_class,accum,cta_m,cta_n,cta_k,cluster_m,cluster_n,cluster_k,cluster_m_fallback,cluster_n_fallback,cluster_k_fallback,stages,warps_m,warps_n,warps_k,inst_m,inst_n,inst_k,min_cc,max_cc,Bytes,Flops,Flops/Byte,Runtime,GB/s,GFLOPs
1,CUTLASS,gemm,cutlass_simt_sgemm_128x128_8x2_nn_align1,not_verified,success,universal,1024,1024,1024,f32:column,f32:column,f32:column,f32:column,1,0,serial,1,1,heuristic,invalid,invalid,false,false,1,simt,f32,128,128,8,1,1,1,0,0,0,2,4,2,1,1,1,1,50,1024,12582912,2149580800,170,0.142336,82.3316,15102.2
1,CUTLASS,gemm,cutlass_simt_sgemm_128x128_8x2_nt_align1,not_verified,success,universal,1024,1024,1024,f32:column,f32:row,f32:column,f32:column,1,0,serial,1,1,heuristic,invalid,invalid,false,false,1,simt,f32,128,128,8,1,1,1,0,0,0,2,4,2,1,1,1,1,50,1024,12582912,2149580800,170,0.118784,98.656,18096.6
1,CUTLASS,gemm,cutlass_simt_sgemm_128x128_8x2_tn_align1,not_verified,success,universal,1024,1024,1024,f32:row,f32:column,f32:column,f32:column,1,0,serial,1,1,heuristic,invalid,invalid,false,false,1,simt,f32,128,128,8,1,1,1,0,0,0,2,4,2,1,1,1,1,50,1024,12582912,2149580800,170,0.118784,98.656,18096.6
1,CUTLASS,gemm,cutlass_simt_sgemm_128x128_8x2_tt_align1,not_verified,success,universal,1024,1024,1024,f32:row,f32:row,f32:column,f32:column,1,0,serial,1,1,heuristic,invalid,invalid,false,false,1,simt,f32,128,128,8,1,1,1,0,0,0,2,4,2,1,1,1,1,50,1024,12582912,2149580800,170,0.118784,98.656,18096.6
1,CUTLASS,gemm,cutlass_simt_dgemm_128x128_8x2_nn_align1,not_verified,success,universal,1024,1024,1024,f64:column,f64:column,f64:column,f64:column,1,0,serial,1,1,heuristic,invalid,invalid,false,false,1,simt,f64,128,128,8,1,1,1,0,0,0,2,4,2,1,1,1,1,50,1024,25165824,2149580800,85,3.4007,6.89196,632.099
1,CUTLASS,gemm,cutlass_simt_dgemm_128x128_8x2_nt_align1,not_verified,success,universal,1024,1024,1024,f64:column,f64:row,f64:column,f64:column,1,0,serial,1,1,heuristic,invalid,invalid,false,false,1,simt,f64,128,128,8,1,1,1,0,0,0,2,4,2,1,1,1,1,50,1024,25165824,2149580800,85,3.39661,6.90027,632.861
1,CUTLASS,gemm,cutlass_simt_dgemm_128x128_8x2_tn_align1,not_verified,success,universal,1024,1024,1024,f64:row,f64:column,f64:column,f64:column,1,0,serial,1,1,heuristic,invalid,invalid,false,false,1,simt,f64,128,128,8,1,1,1,0,0,0,2,4,2,1,1,1,1,50,1024,25165824,2149580800,85,3.39968,6.89403,632.289
1,CUTLASS,gemm,cutlass_simt_dgemm_128x128_8x2_tt_align1,not_verified,success,universal,1024,1024,1024,f64:row,f64:row,f64:column,f64:column,1,0,serial,1,1,heuristic,invalid,invalid,false,false,1,simt,f64,128,128,8,1,1,1,0,0,0,2,4,2,1,1,1,1,50,1024,25165824,2149580800,85,3.39866,6.89611,632.48
1,CUTLASS,gemm,cutlass_simt_cgemm_128x64_8x2_nn_align1,not_verified,success,universal,1024,1024,1024,cf32:column,cf32:column,cf32:column,cf32:column,1,0,serial,1,1,heuristic,invalid,invalid,false,false,1,simt,cf32,128,64,8,1,1,1,0,0,0,2,2,2,1,1,1,1,50,1024,25165824,8598323200,341,0.22016,106.457,39054.9
1,CUTLASS,gemm,cutlass_simt_cgemm_128x64_8x2_nt_align1,not_verified,success,universal,1024,1024,1024,cf32:column,cf32:row,cf32:column,cf32:column,1,0,serial,1,1,heuristic,invalid,invalid,false,false,1,simt,cf32,128,64,8,1,1,1,0,0,0,2,2,2,1,1,1,1,50,1024,25165824,8598323200,341,0.228352,102.638,37653.8
1,CUTLASS,gemm,cutlass_simt_cgemm_128x64_8x2_tn_align1,not_verified,success,universal,1024,1024,1024,cf32:row,cf32:column,cf32:column,cf32:column,1,0,serial,1,1,heuristic,invalid,invalid,false,false,1,simt,cf32,128,64,8,1,1,1,0,0,0,2,2,2,1,1,1,1,50,1024,25165824,8598323200,341,0.221184,105.964,38874.1
1,CUTLASS,gemm,cutlass_simt_cgemm_128x64_8x2_tt_align1,not_verified,success,universal,1024,1024,1024,cf32:row,cf32:row,cf32:column,cf32:column,1,0,serial,1,1,heuristic,invalid,invalid,false,false,1,simt,cf32,128,64,8,1,1,1,0,0,0,2,2,2,1,1,1,1,50,1024,25165824,8598323200,341,0.229376,102.179,37485.7
1,CUTLASS,gemm,cutlass_simt_hgemm_256x128_8x2_nn_align1,not_verified,success,universal,1024,1024,1024,f16:column,f16:column,f16:column,f16:column,1,0,serial,1,1,heuristic,invalid,invalid,false,false,1,simt,f16,256,128,8,1,1,1,0,0,0,2,4,2,1,1,1,1,50,1024,6291456,2149580800,341,0.162816,35.9877,13202.5
1,CUTLASS,gemm,cutlass_simt_hgemm_256x128_8x2_nt_align1,not_verified,success,universal,1024,1024,1024,f16:column,f16:row,f16:column,f16:column,1,0,serial,1,1,heuristic,invalid,invalid,false,false,1,simt,f16,256,128,8,1,1,1,0,0,0,2,4,2,1,1,1,1,50,1024,6291456,2149580800,341,0.159744,36.6798,13456.4
1,CUTLASS,gemm,cutlass_simt_hgemm_256x128_8x2_tn_align1,not_verified,success,universal,1024,1024,1024,f16:row,f16:column,f16:column,f16:column,1,0,serial,1,1,heuristic,invalid,invalid,false,false,1,simt,f16,256,128,8,1,1,1,0,0,0,2,4,2,1,1,1,1,50,1024,6291456,2149580800,341,0.16384,35.7628,13120
1,CUTLASS,gemm,cutlass_simt_hgemm_256x128_8x2_tt_align1,not_verified,success,universal,1024,1024,1024,f16:row,f16:row,f16:column,f16:column,1,0,serial,1,1,heuristic,invalid,invalid,false,false,1,simt,f16,256,128,8,1,1,1,0,0,0,2,4,2,1,1,1,1,50,1024,6291456,2149580800,341,0.162816,35.9877,13202.5
1,CUTLASS,gemm,cutlass_simt_igemm_s8_128x128_32x2_nn_align1,not_verified,success,universal,1024,1024,1024,s8:column,s8:column,s32:column,s32:column,1,0,serial,1,1,heuristic,invalid,invalid,false,false,1,simt,s32,128,128,32,1,1,1,0,0,0,2,4,2,1,1,1,4,50,1024,6291456,2149580800,341,0.07168,81.7435,29988.6
1,CUTLASS,gemm,cutlass_simt_igemm_s8_128x128_32x2_nt_align1,not_verified,success,universal,1024,1024,1024,s8:column,s8:row,s32:column,s32:column,1,0,serial,1,1,heuristic,invalid,invalid,false,false,1,simt,s32,128,128,32,1,1,1,0,0,0,2,4,2,1,1,1,4,50,1024,6291456,2149580800,341,0.07168,81.7435,29988.6
1,CUTLASS,gemm,cutlass_simt_igemm_s8_128x128_32x2_tn_align1,not_verified,success,universal,1024,1024,1024,s8:row,s8:column,s32:column,s32:column,1,0,serial,1,1,heuristic,invalid,invalid,false,false,1,simt,s32,128,128,32,1,1,1,0,0,0,2,4,2,1,1,1,4,50,1024,6291456,2149580800,341,0.069632,84.1477,30870.6
1,CUTLASS,gemm,cutlass_simt_igemm_s8_128x128_32x2_tt_align1,not_verified,success,universal,1024,1024,1024,s8:row,s8:row,s32:column,s32:column,1,0,serial,1,1,heuristic,invalid,invalid,false,false,1,simt,s32,128,128,32,1,1,1,0,0,0,2,4,2,1,1,1,4,50,1024,6291456,2149580800,341,0.072704,80.5922,29566.2
1,CUTLASS,gemm,cutlass_simt_s8_igemm_s8_128x128_32x2_nn_align1,not_verified,success,universal,1024,1024,1024,s8:column,s8:column,s8:column,s8:column,1,0,serial,1,1,heuristic,invalid,invalid,false,false,1,simt,s32,128,128,32,1,1,1,0,0,0,2,4,2,1,1,1,4,50,1024,3145728,2149580800,683,0.072704,40.2961,29566.2
1,CUTLASS,gemm,cutlass_simt_s8_igemm_s8_128x128_32x2_nt_align1,not_verified,success,universal,1024,1024,1024,s8:column,s8:row,s8:column,s8:column,1,0,serial,1,1,heuristic,invalid,invalid,false,false,1,simt,s32,128,128,32,1,1,1,0,0,0,2,4,2,1,1,1,4,50,1024,3145728,2149580800,683,0.073728,39.7364,29155.6
1,CUTLASS,gemm,cutlass_simt_s8_igemm_s8_128x128_32x2_tn_align1,not_verified,success,universal,1024,1024,1024,s8:row,s8:column,s8:column,s8:column,1,0,serial,1,1,heuristic,invalid,invalid,false,false,1,simt,s32,128,128,32,1,1,1,0,0,0,2,4,2,1,1,1,4,50,1024,3145728,2149580800,683,0.07168,40.8718,29988.6
1,CUTLASS,gemm,cutlass_simt_s8_igemm_s8_128x128_32x2_tt_align1,not_verified,success,universal,1024,1024,1024,s8:row,s8:row,s8:column,s8:column,1,0,serial,1,1,heuristic,invalid,invalid,false,false,1,simt,s32,128,128,32,1,1,1,0,0,0,2,4,2,1,1,1,4,50,1024,3145728,2149580800,683,0.070656,41.4641,30423.2
1,CUTLASS,gemm,cutlass_tensorop_s1688gemm_f16_256x128_32x2_nn_align8,not_verified,success,universal,1024,1024,1024,f16:column,f16:column,f32:column,f32:column,1,0,serial,1,1,heuristic,invalid,invalid,false,false,1,tensorop,f32,256,128,32,1,1,1,0,0,0,2,4,2,1,16,8,8,75,1024,8388608,2149580800,256,0.075776,103.1,28367.6
1,CUTLASS,gemm,cutlass_tensorop_s1688gemm_f16_256x128_32x2_nt_align8,not_verified,success,universal,1024,1024,1024,f16:column,f16:row,f32:column,f32:column,1,0,serial,1,1,heuristic,invalid,invalid,false,false,1,tensorop,f32,256,128,32,1,1,1,0,0,0,2,4,2,1,16,8,8,75,1024,8388608,2149580800,256,0.074752,104.512,28756.2
1,CUTLASS,gemm,cutlass_tensorop_s1688gemm_f16_256x128_32x2_tn_align8,not_verified,success,universal,1024,1024,1024,f16:row,f16:column,f32:column,f32:column,1,0,serial,1,1,heuristic,invalid,invalid,false,false,1,tensorop,f32,256,128,32,1,1,1,0,0,0,2,4,2,1,16,8,8,75,1024,8388608,2149580800,256,0.0768,101.725,27989.3
1,CUTLASS,gemm,cutlass_tensorop_s1688gemm_f16_256x128_32x2_tt_align8,not_verified,success,universal,1024,1024,1024,f16:row,f16:row,f32:column,f32:column,1,0,serial,1,1,heuristic,invalid,invalid,false,false,1,tensorop,f32,256,128,32,1,1,1,0,0,0,2,4,2,1,16,8,8,75,1024,8388608,2149580800,256,0.075776,103.1,28367.6
1,CUTLASS,gemm,cutlass_tensorop_f16_s1688gemm_f16_256x128_32x2_nn_align8,not_verified,success,universal,1024,1024,1024,f16:column,f16:column,f16:column,f16:column,1,0,serial,1,1,heuristic,invalid,invalid,false,false,1,tensorop,f32,256,128,32,1,1,1,0,0,0,2,4,2,1,16,8,8,75,1024,6291456,2149580800,341,0.075776,77.3249,28367.6
1,CUTLASS,gemm,cutlass_tensorop_f16_s1688gemm_f16_256x128_32x2_nt_align8,not_verified,success,universal,1024,1024,1024,f16:column,f16:row,f16:column,f16:column,1,0,serial,1,1,heuristic,invalid,invalid,false,false,1,tensorop,f32,256,128,32,1,1,1,0,0,0,2,4,2,1,16,8,8,75,1024,6291456,2149580800,341,0.074752,78.3842,28756.2
1,CUTLASS,gemm,cutlass_tensorop_f16_s1688gemm_f16_256x128_32x2_tn_align8,not_verified,success,universal,1024,1024,1024,f16:row,f16:column,f16:column,f16:column,1,0,serial,1,1,heuristic,invalid,invalid,false,false,1,tensorop,f32,256,128,32,1,1,1,0,0,0,2,4,2,1,16,8,8,75,1024,6291456,2149580800,341,0.0768,76.2939,27989.3
1,CUTLASS,gemm,cutlass_tensorop_f16_s1688gemm_f16_256x128_32x2_tt_align8,not_verified,success,universal,1024,1024,1024,f16:row,f16:row,f16:column,f16:column,1,0,serial,1,1,heuristic,invalid,invalid,false,false,1,tensorop,f32,256,128,32,1,1,1,0,0,0,2,4,2,1,16,8,8,75,1024,6291456,2149580800,341,0.075776,77.3249,28367.6
1,CUTLASS,gemm,cutlass_tensorop_h1688gemm_256x128_32x2_nn_align8,not_verified,success,universal,1024,1024,1024,f16:column,f16:column,f16:column,f16:column,1,0,serial,1,1,heuristic,invalid,invalid,false,false,1,tensorop,f16,256,128,32,1,1,1,0,0,0,2,4,2,1,16,8,8,75,1024,6291456,2149580800,341,0.07168,81.7435,29988.6
1,CUTLASS,gemm,cutlass_tensorop_h1688gemm_256x128_32x2_nt_align8,not_verified,success,universal,1024,1024,1024,f16:column,f16:row,f16:column,f16:column,1,0,serial,1,1,heuristic,invalid,invalid,false,false,1,tensorop,f16,256,128,32,1,1,1,0,0,0,2,4,2,1,16,8,8,75,1024,6291456,2149580800,341,0.070656,82.9282,30423.2
1,CUTLASS,gemm,cutlass_tensorop_h1688gemm_256x128_32x2_tn_align8,not_verified,success,universal,1024,1024,1024,f16:row,f16:column,f16:column,f16:column,1,0,serial,1,1,heuristic,invalid,invalid,false,false,1,tensorop,f16,256,128,32,1,1,1,0,0,0,2,4,2,1,16,8,8,75,1024,6291456,2149580800,341,0.074752,78.3842,28756.2
1,CUTLASS,gemm,cutlass_tensorop_h1688gemm_256x128_32x2_tt_align8,not_verified,success,universal,1024,1024,1024,f16:row,f16:row,f16:column,f16:column,1,0,serial,1,1,heuristic,invalid,invalid,false,false,1,tensorop,f16,256,128,32,1,1,1,0,0,0,2,4,2,1,16,8,8,75,1024,6291456,2149580800,341,0.069632,84.1477,30870.6
1,CUTLASS,gemm,cutlass_tensorop_i8816gemm_s8_256x128_64x2_tn_align16,not_verified,success,universal,1024,1024,1024,s8:row,s8:column,s32:column,s32:column,1,0,serial,1,1,heuristic,invalid,invalid,false,false,1,tensorop,s32,256,128,64,1,1,1,0,0,0,2,4,2,1,8,8,16,75,1024,6291456,2149580800,341,0.055296,105.964,38874.1
1,CUTLASS,gemm,cutlass_tensorop_s8_i8816gemm_s8_256x128_64x2_tn_align16,not_verified,success,universal,1024,1024,1024,s8:row,s8:column,s8:column,s8:column,1,0,serial,1,1,heuristic,invalid,invalid,false,false,1,tensorop,s32,256,128,64,1,1,1,0,0,0,2,4,2,1,8,8,16,75,1024,3145728,2149580800,683,0.054272,53.9816,39607.5
1,CUTLASS,gemm,cutlass_tensorop_i8816gemm_u8_256x128_64x2_tn_align16,not_verified,success,universal,1024,1024,1024,u8:row,u8:column,s32:column,s32:column,1,0,serial,1,1,heuristic,invalid,invalid,false,false,1,tensorop,s32,256,128,64,1,1,1,0,0,0,2,4,2,1,8,8,16,75,1024,6291456,2149580800,341,0.054272,107.963,39607.5
1,CUTLASS,gemm,cutlass_tensorop_u8_i8816gemm_u8_256x128_64x2_tn_align16,not_verified,success,universal,1024,1024,1024,u8:row,u8:column,u8:column,u8:column,1,0,serial,1,1,heuristic,invalid,invalid,false,false,1,tensorop,s32,256,128,64,1,1,1,0,0,0,2,4,2,1,8,8,16,75,1024,3145728,2149580800,683,0.054272,53.9816,39607.5
1,CUTLASS,gemm,cutlass_tensorop_s8_i8816gemm_s8_256x128_64x2_n32t32_align16,not_verified,success,universal,1024,1024,1024,s8:nk32,s8:tk32,s8:nk32,s8:nk32,1,0,serial,1,1,heuristic,invalid,invalid,false,false,1,tensorop,s32,256,128,64,1,1,1,0,0,0,2,4,2,1,8,8,16,75,1024,3145728,2149580800,683,0.054272,53.9816,39607.5
1,CUTLASS,gemm,cutlass_tensorop_u8_i8816gemm_u8_256x128_64x2_n32t32_align16,not_verified,success,universal,1024,1024,1024,u8:nk32,u8:tk32,u8:nk32,u8:nk32,1,0,serial,1,1,heuristic,invalid,invalid,false,false,1,tensorop,s32,256,128,64,1,1,1,0,0,0,2,4,2,1,8,8,16,75,1024,3145728,2149580800,683,0.055296,52.9819,38874.1
1,CUTLASS,gemm,cutlass_tensorop_i8832gemm_s4_256x128_128x2_tn_align32,not_verified,success,universal,1024,1024,1024,s4:row,s4:column,s32:column,s32:column,1,0,serial,1,1,heuristic,invalid,invalid,false,false,1,tensorop,s32,256,128,128,1,1,1,0,0,0,2,4,2,1,8,8,32,75,1024,5242880,2149580800,410,0.049152,99.3411,43733.3
1,CUTLASS,gemm,cutlass_tensorop_s4_i8832gemm_s4_256x128_128x2_tn_align32,not_verified,success,universal,1024,1024,1024,s4:row,s4:column,s4:column,s4:column,1,0,serial,1,1,heuristic,invalid,invalid,false,false,1,tensorop,s32,256,128,128,1,1,1,0,0,0,2,4,2,1,8,8,32,75,1024,1572864,2149580800,1366,0.048128,30.4364,44663.8
1,CUTLASS,gemm,cutlass_tensorop_i8832gemm_u4_256x128_128x2_tn_align32,not_verified,success,universal,1024,1024,1024,u4:row,u4:column,s32:column,s32:column,1,0,serial,1,1,heuristic,invalid,invalid,false,false,1,tensorop,s32,256,128,128,1,1,1,0,0,0,2,4,2,1,8,8,32,75,1024,5242880,2149580800,410,0.049152,99.3411,43733.3
1,CUTLASS,gemm,cutlass_tensorop_u4_i8832gemm_u4_256x128_128x2_tn_align32,not_verified,success,universal,1024,1024,1024,u4:row,u4:column,u4:column,u4:column,1,0,serial,1,1,heuristic,invalid,invalid,false,false,1,tensorop,s32,256,128,128,1,1,1,0,0,0,2,4,2,1,8,8,32,75,1024,1572864,2149580800,1366,0.050176,29.1941,42840.8
1,CUTLASS,gemm,cutlass_tensorop_s4_i8832gemm_s4_256x128_128x2_n64t64_align32,not_verified,success,universal,1024,1024,1024,s4:nk64,s4:tk64,s4:nk64,s4:nk64,1,0,serial,1,1,heuristic,invalid,invalid,false,false,1,tensorop,s32,256,128,128,1,1,1,0,0,0,2,4,2,1,8,8,32,75,1024,1572864,2149580800,1366,0.049152,29.8023,43733.3
1,CUTLASS,gemm,cutlass_tensorop_u4_i8832gemm_u4_256x128_128x2_n64t64_align32,not_verified,success,universal,1024,1024,1024,u4:nk64,u4:tk64,u4:nk64,u4:nk64,1,0,serial,1,1,heuristic,invalid,invalid,false,false,1,tensorop,s32,256,128,128,1,1,1,0,0,0,2,4,2,1,8,8,32,75,1024,1572864,2149580800,1366,0.049152,29.8023,43733.3
1,CUTLASS,gemm,cutlass_tensorop_i88128xorgemm_b1_256x128_512x2_tn_align128,not_verified,success,universal,1024,1024,1024,b1:row,b1:column,s32:column,s32:column,1,0,serial,1,1,heuristic,invalid,invalid,false,false,1,tensorop,s32,256,128,512,1,1,1,0,0,0,2,4,2,1,8,8,128,75,1024,4456448,2149580800,482,0.048128,86.2365,44663.8
1,CUTLASS,gemm,cutlass_tensorop_s16816gemm_f16_256x128_32x3_nn_align8,not_verified,success,universal,1024,1024,1024,f16:column,f16:column,f32:column,f32:column,1,0,serial,1,1,heuristic,invalid,invalid,false,false,1,tensorop,f32,256,128,32,1,1,1,0,0,0,3,4,2,1,16,8,16,80,1024,8388608,2149580800,256,0.069632,112.197,30870.6
1,CUTLASS,gemm,cutlass_tensorop_s16816gemm_f16_256x128_32x3_nt_align8,not_verified,success,universal,1024,1024,1024,f16:column,f16:row,f32:column,f32:column,1,0,serial,1,1,heuristic,invalid,invalid,false,false,1,tensorop,f32,256,128,32,1,1,1,0,0,0,3,4,2,1,16,8,16,80,1024,8388608,2149580800,256,0.068608,113.872,31331.3
1,CUTLASS,gemm,cutlass_tensorop_s16816gemm_f16_256x128_32x3_tn_align8,not_verified,success,universal,1024,1024,1024,f16:row,f16:column,f32:column,f32:column,1,0,serial,1,1,heuristic,invalid,invalid,false,false,1,tensorop,f32,256,128,32,1,1,1,0,0,0,3,4,2,1,16,8,16,80,1024,8388608,2149580800,256,0.068608,113.872,31331.3
1,CUTLASS,gemm,cutlass_tensorop_s16816gemm_f16_256x128_32x3_tt_align8,not_verified,success,universal,1024,1024,1024,f16:row,f16:row,f32:column,f32:column,1,0,serial,1,1,heuristic,invalid,invalid,false,false,1,tensorop,f32,256,128,32,1,1,1,0,0,0,3,4,2,1,16,8,16,80,1024,8388608,2149580800,256,0.068608,113.872,31331.3
1,CUTLASS,gemm,cutlass_tensorop_f16_s16816gemm_f16_256x128_32x3_nn_align8,not_verified,success,universal,1024,1024,1024,f16:column,f16:column,f16:column,f16:column,1,0,serial,1,1,heuristic,invalid,invalid,false,false,1,tensorop,f32,256,128,32,1,1,1,0,0,0,3,4,2,1,16,8,16,80,1024,6291456,2149580800,341,0.067584,86.6977,31806.1
1,CUTLASS,gemm,cutlass_tensorop_f16_s16816gemm_f16_256x128_32x3_nt_align8,not_verified,success,universal,1024,1024,1024,f16:column,f16:row,f16:column,f16:column,1,0,serial,1,1,heuristic,invalid,invalid,false,false,1,tensorop,f32,256,128,32,1,1,1,0,0,0,3,4,2,1,16,8,16,80,1024,6291456,2149580800,341,0.067584,86.6977,31806.1
1,CUTLASS,gemm,cutlass_tensorop_f16_s16816gemm_f16_256x128_32x3_tn_align8,not_verified,success,universal,1024,1024,1024,f16:row,f16:column,f16:column,f16:column,1,0,serial,1,1,heuristic,invalid,invalid,false,false,1,tensorop,f32,256,128,32,1,1,1,0,0,0,3,4,2,1,16,8,16,80,1024,6291456,2149580800,341,0.0768,76.2939,27989.3
1,CUTLASS,gemm,cutlass_tensorop_f16_s16816gemm_f16_256x128_32x3_tt_align8,not_verified,success,universal,1024,1024,1024,f16:row,f16:row,f16:column,f16:column,1,0,serial,1,1,heuristic,invalid,invalid,false,false,1,tensorop,f32,256,128,32,1,1,1,0,0,0,3,4,2,1,16,8,16,80,1024,6291456,2149580800,341,0.068608,85.4037,31331.3
1,CUTLASS,gemm,cutlass_tensorop_h16816gemm_256x128_32x3_nn_align8,not_verified,success,universal,1024,1024,1024,f16:column,f16:column,f16:column,f16:column,1,0,serial,1,1,heuristic,invalid,invalid,false,false,1,tensorop,f16,256,128,32,1,1,1,0,0,0,3,4,2,1,16,8,16,80,1024,6291456,2149580800,341,0.068608,85.4037,31331.3
1,CUTLASS,gemm,cutlass_tensorop_h16816gemm_256x128_32x3_nt_align8,not_verified,success,universal,1024,1024,1024,f16:column,f16:row,f16:column,f16:column,1,0,serial,1,1,heuristic,invalid,invalid,false,false,1,tensorop,f16,256,128,32,1,1,1,0,0,0,3,4,2,1,16,8,16,80,1024,6291456,2149580800,341,0.067584,86.6977,31806.1
1,CUTLASS,gemm,cutlass_tensorop_h16816gemm_256x128_32x3_tn_align8,not_verified,success,universal,1024,1024,1024,f16:row,f16:column,f16:column,f16:column,1,0,serial,1,1,heuristic,invalid,invalid,false,false,1,tensorop,f16,256,128,32,1,1,1,0,0,0,3,4,2,1,16,8,16,80,1024,6291456,2149580800,341,0.070656,82.9282,30423.2
1,CUTLASS,gemm,cutlass_tensorop_h16816gemm_256x128_32x3_tt_align8,not_verified,success,universal,1024,1024,1024,f16:row,f16:row,f16:column,f16:column,1,0,serial,1,1,heuristic,invalid,invalid,false,false,1,tensorop,f16,256,128,32,1,1,1,0,0,0,3,4,2,1,16,8,16,80,1024,6291456,2149580800,341,0.069632,84.1477,30870.6
1,CUTLASS,gemm,cutlass_tensorop_s16816gemm_bf16_256x128_32x3_nn_align8,not_verified,success,universal,1024,1024,1024,bf16:column,bf16:column,f32:column,f32:column,1,0,serial,1,1,heuristic,invalid,invalid,false,false,1,tensorop,f32,256,128,32,1,1,1,0,0,0,3,4,2,1,16,8,16,80,1024,8388608,2149580800,256,0.070656,110.571,30423.2
1,CUTLASS,gemm,cutlass_tensorop_s16816gemm_bf16_256x128_32x3_nt_align8,not_verified,success,universal,1024,1024,1024,bf16:column,bf16:row,f32:column,f32:column,1,0,serial,1,1,heuristic,invalid,invalid,false,false,1,tensorop,f32,256,128,32,1,1,1,0,0,0,3,4,2,1,16,8,16,80,1024,8388608,2149580800,256,0.069632,112.197,30870.6
1,CUTLASS,gemm,cutlass_tensorop_s16816gemm_bf16_256x128_32x3_tn_align8,not_verified,success,universal,1024,1024,1024,bf16:row,bf16:column,f32:column,f32:column,1,0,serial,1,1,heuristic,invalid,invalid,false,false,1,tensorop,f32,256,128,32,1,1,1,0,0,0,3,4,2,1,16,8,16,80,1024,8388608,2149580800,256,0.068608,113.872,31331.3
1,CUTLASS,gemm,cutlass_tensorop_s16816gemm_bf16_256x128_32x3_tt_align8,not_verified,success,universal,1024,1024,1024,bf16:row,bf16:row,f32:column,f32:column,1,0,serial,1,1,heuristic,invalid,invalid,false,false,1,tensorop,f32,256,128,32,1,1,1,0,0,0,3,4,2,1,16,8,16,80,1024,8388608,2149580800,256,0.067584,115.597,31806.1
1,CUTLASS,gemm,cutlass_tensorop_bf16_s16816gemm_bf16_256x128_32x3_nn_align8,not_verified,success,universal,1024,1024,1024,bf16:column,bf16:column,bf16:column,bf16:column,1,0,serial,1,1,heuristic,invalid,invalid,false,false,1,tensorop,f32,256,128,32,1,1,1,0,0,0,3,4,2,1,16,8,16,80,1024,6291456,2149580800,341,0.068608,85.4037,31331.3
1,CUTLASS,gemm,cutlass_tensorop_bf16_s16816gemm_bf16_256x128_32x3_nt_align8,not_verified,success,universal,1024,1024,1024,bf16:column,bf16:row,bf16:column,bf16:column,1,0,serial,1,1,heuristic,invalid,invalid,false,false,1,tensorop,f32,256,128,32,1,1,1,0,0,0,3,4,2,1,16,8,16,80,1024,6291456,2149580800,341,0.068608,85.4037,31331.3
1,CUTLASS,gemm,cutlass_tensorop_bf16_s16816gemm_bf16_256x128_32x3_tn_align8,not_verified,success,universal,1024,1024,1024,bf16:row,bf16:column,bf16:column,bf16:column,1,0,serial,1,1,heuristic,invalid,invalid,false,false,1,tensorop,f32,256,128,32,1,1,1,0,0,0,3,4,2,1,16,8,16,80,1024,6291456,2149580800,341,0.068608,85.4037,31331.3
1,CUTLASS,gemm,cutlass_tensorop_bf16_s16816gemm_bf16_256x128_32x3_tt_align8,not_verified,success,universal,1024,1024,1024,bf16:row,bf16:row,bf16:column,bf16:column,1,0,serial,1,1,heuristic,invalid,invalid,false,false,1,tensorop,f32,256,128,32,1,1,1,0,0,0,3,4,2,1,16,8,16,80,1024,6291456,2149580800,341,0.067584,86.6977,31806.1
1,CUTLASS,gemm,cutlass_tensorop_s1688gemm_tf32_256x128_16x3_nn_align4,not_verified,success,universal,1024,1024,1024,tf32:column,tf32:column,f32:column,f32:column,1,0,serial,1,1,heuristic,invalid,invalid,false,false,1,tensorop,f32,256,128,16,1,1,1,0,0,0,3,4,2,1,16,8,8,80,1024,12582912,2149580800,170,0.094208,124.392,22817.4
1,CUTLASS,gemm,cutlass_tensorop_s1688gemm_tf32_256x128_16x3_nt_align4,not_verified,success,universal,1024,1024,1024,tf32:column,tf32:row,f32:column,f32:column,1,0,serial,1,1,heuristic,invalid,invalid,false,false,1,tensorop,f32,256,128,16,1,1,1,0,0,0,3,4,2,1,16,8,8,80,1024,12582912,2149580800,170,0.095232,123.055,22572
1,CUTLASS,gemm,cutlass_tensorop_s1688gemm_tf32_256x128_16x3_tn_align4,not_verified,success,universal,1024,1024,1024,tf32:row,tf32:column,f32:column,f32:column,1,0,serial,1,1,heuristic,invalid,invalid,false,false,1,tensorop,f32,256,128,16,1,1,1,0,0,0,3,4,2,1,16,8,8,80,1024,12582912,2149580800,170,0.094208,124.392,22817.4
1,CUTLASS,gemm,cutlass_tensorop_s1688gemm_tf32_256x128_16x3_tt_align4,not_verified,success,universal,1024,1024,1024,tf32:row,tf32:row,f32:column,f32:column,1,0,serial,1,1,heuristic,invalid,invalid,false,false,1,tensorop,f32,256,128,16,1,1,1,0,0,0,3,4,2,1,16,8,8,80,1024,12582912,2149580800,170,0.099328,117.98,21641.2
1,CUTLASS,gemm,cutlass_tensorop_tf32_s1688gemm_tf32_256x128_16x3_nn_align4,not_verified,success,universal,1024,1024,1024,tf32:column,tf32:column,tf32:column,tf32:column,1,0,serial,1,1,heuristic,invalid,invalid,false,false,1,tensorop,f32,256,128,16,1,1,1,0,0,0,3,4,2,1,16,8,8,80,1024,12582912,2149580800,170,0.111616,104.992,19258.7
1,CUTLASS,gemm,cutlass_tensorop_tf32_s1688gemm_tf32_256x128_16x3_nt_align4,not_verified,success,universal,1024,1024,1024,tf32:column,tf32:row,tf32:column,tf32:column,1,0,serial,1,1,heuristic,invalid,invalid,false,false,1,tensorop,f32,256,128,16,1,1,1,0,0,0,3,4,2,1,16,8,8,80,1024,12582912,2149580800,170,0.099328,117.98,21641.2
1,CUTLASS,gemm,cutlass_tensorop_tf32_s1688gemm_tf32_256x128_16x3_tn_align4,not_verified,success,universal,1024,1024,1024,tf32:row,tf32:column,tf32:column,tf32:column,1,0,serial,1,1,heuristic,invalid,invalid,false,false,1,tensorop,f32,256,128,16,1,1,1,0,0,0,3,4,2,1,16,8,8,80,1024,12582912,2149580800,170,0.098304,119.209,21866.7
1,CUTLASS,gemm,cutlass_tensorop_tf32_s1688gemm_tf32_256x128_16x3_tt_align4,not_verified,success,universal,1024,1024,1024,tf32:row,tf32:row,tf32:column,tf32:column,1,0,serial,1,1,heuristic,invalid,invalid,false,false,1,tensorop,f32,256,128,16,1,1,1,0,0,0,3,4,2,1,16,8,8,80,1024,12582912,2149580800,170,0.101376,115.597,21204
1,CUTLASS,gemm,cutlass_tensorop_s1688tf32gemm_256x128_16x3_nn_align4,not_verified,success,universal,1024,1024,1024,f32:column,f32:column,f32:column,f32:column,1,0,serial,1,1,heuristic,invalid,invalid,false,false,1,tensorop,f32,256,128,16,1,1,1,0,0,0,3,4,2,1,16,8,8,80,1024,12582912,2149580800,170,0.095232,123.055,22572
1,CUTLASS,gemm,cutlass_tensorop_s1688tf32gemm_256x128_16x3_nt_align4,not_verified,success,universal,1024,1024,1024,f32:column,f32:row,f32:column,f32:column,1,0,serial,1,1,heuristic,invalid,invalid,false,false,1,tensorop,f32,256,128,16,1,1,1,0,0,0,3,4,2,1,16,8,8,80,1024,12582912,2149580800,170,0.096256,121.746,22331.9
1,CUTLASS,gemm,cutlass_tensorop_s1688tf32gemm_256x128_16x3_tn_align4,not_verified,success,universal,1024,1024,1024,f32:row,f32:column,f32:column,f32:column,1,0,serial,1,1,heuristic,invalid,invalid,false,false,1,tensorop,f32,256,128,16,1,1,1,0,0,0,3,4,2,1,16,8,8,80,1024,12582912,2149580800,170,0.096256,121.746,22331.9
1,CUTLASS,gemm,cutlass_tensorop_s1688tf32gemm_256x128_16x3_tt_align4,not_verified,success,universal,1024,1024,1024,f32:row,f32:row,f32:column,f32:column,1,0,serial,1,1,heuristic,invalid,invalid,false,false,1,tensorop,f32,256,128,16,1,1,1,0,0,0,3,4,2,1,16,8,8,80,1024,12582912,2149580800,170,0.09728,120.464,22096.8
1,CUTLASS,gemm,cutlass_tensorop_s1688f16gemm_256x128_16x3_nn_align4,not_verified,success,universal,1024,1024,1024,f32:column,f32:column,f32:column,f32:column,1,0,serial,1,1,heuristic,invalid,invalid,false,false,1,tensorop,f32,256,128,16,1,1,1,0,0,0,3,4,2,1,16,8,8,75,1024,12582912,2149580800,170,0.0768,152.588,27989.3
1,CUTLASS,gemm,cutlass_tensorop_s1688f16gemm_256x128_16x3_nt_align4,not_verified,success,universal,1024,1024,1024,f32:column,f32:row,f32:column,f32:column,1,0,serial,1,1,heuristic,invalid,invalid,false,false,1,tensorop,f32,256,128,16,1,1,1,0,0,0,3,4,2,1,16,8,8,75,1024,12582912,2149580800,170,0.080896,144.862,26572.2
1,CUTLASS,gemm,cutlass_tensorop_s1688f16gemm_256x128_16x3_tn_align4,not_verified,success,universal,1024,1024,1024,f32:row,f32:column,f32:column,f32:column,1,0,serial,1,1,heuristic,invalid,invalid,false,false,1,tensorop,f32,256,128,16,1,1,1,0,0,0,3,4,2,1,16,8,8,75,1024,12582912,2149580800,170,0.073728,158.946,29155.6
1,CUTLASS,gemm,cutlass_tensorop_s1688f16gemm_256x128_16x3_tt_align4,not_verified,success,universal,1024,1024,1024,f32:row,f32:row,f32:column,f32:column,1,0,serial,1,1,heuristic,invalid,invalid,false,false,1,tensorop,f32,256,128,16,1,1,1,0,0,0,3,4,2,1,16,8,8,75,1024,12582912,2149580800,170,0.075776,154.65,28367.6
1,CUTLASS,gemm,cutlass_tensorop_s1688bf16gemm_256x128_16x3_nn_align4,not_verified,success,universal,1024,1024,1024,f32:column,f32:column,f32:column,f32:column,1,0,serial,1,1,heuristic,invalid,invalid,false,false,1,tensorop,f32,256,128,16,1,1,1,0,0,0,3,4,2,1,16,8,8,80,1024,12582912,2149580800,170,0.0768,152.588,27989.3
1,CUTLASS,gemm,cutlass_tensorop_s1688bf16gemm_256x128_16x3_nt_align4,not_verified,success,universal,1024,1024,1024,f32:column,f32:row,f32:column,f32:column,1,0,serial,1,1,heuristic,invalid,invalid,false,false,1,tensorop,f32,256,128,16,1,1,1,0,0,0,3,4,2,1,16,8,8,80,1024,12582912,2149580800,170,0.079872,146.719,26912.8
1,CUTLASS,gemm,cutlass_tensorop_s1688bf16gemm_256x128_16x3_tn_align4,not_verified,success,universal,1024,1024,1024,f32:row,f32:column,f32:column,f32:column,1,0,serial,1,1,heuristic,invalid,invalid,false,false,1,tensorop,f32,256,128,16,1,1,1,0,0,0,3,4,2,1,16,8,8,80,1024,12582912,2149580800,170,0.074752,156.768,28756.2
1,CUTLASS,gemm,cutlass_tensorop_s1688bf16gemm_256x128_16x3_tt_align4,not_verified,success,universal,1024,1024,1024,f32:row,f32:row,f32:column,f32:column,1,0,serial,1,1,heuristic,invalid,invalid,false,false,1,tensorop,f32,256,128,16,1,1,1,0,0,0,3,4,2,1,16,8,8,80,1024,12582912,2149580800,170,0.075776,154.65,28367.6
1,CUTLASS,gemm,cutlass_tensorop_s1688gemm_128x128_16x4_nn_align4,not_verified,success,universal,1024,1024,1024,f32:column,f32:column,f32:column,f32:column,1,0,serial,1,1,heuristic,invalid,invalid,false,false,1,tensorop,f32,128,128,16,1,1,1,0,0,0,4,4,2,1,16,8,8,80,1024,12582912,2149580800,170,0.134144,87.3595,16024.4
1,CUTLASS,gemm,cutlass_tensorop_s1688gemm_128x128_16x4_nt_align4,not_verified,success,universal,1024,1024,1024,f32:column,f32:row,f32:column,f32:column,1,0,serial,1,1,heuristic,invalid,invalid,false,false,1,tensorop,f32,128,128,16,1,1,1,0,0,0,4,4,2,1,16,8,8,80,1024,12582912,2149580800,170,0.136192,86.0458,15783.5
1,CUTLASS,gemm,cutlass_tensorop_s1688gemm_128x128_16x4_tn_align4,not_verified,success,universal,1024,1024,1024,f32:row,f32:column,f32:column,f32:column,1,0,serial,1,1,heuristic,invalid,invalid,false,false,1,tensorop,f32,128,128,16,1,1,1,0,0,0,4,4,2,1,16,8,8,80,1024,12582912,2149580800,170,0.124928,93.804,17206.6
1,CUTLASS,gemm,cutlass_tensorop_s1688gemm_128x128_16x4_tt_align4,not_verified,success,universal,1024,1024,1024,f32:row,f32:row,f32:column,f32:column,1,0,serial,1,1,heuristic,invalid,invalid,false,false,1,tensorop,f32,128,128,16,1,1,1,0,0,0,4,4,2,1,16,8,8,80,1024,12582912,2149580800,170,0.130048,90.111,16529.1
1,CUTLASS,gemm,cutlass_tensorop_c1688gemm_128x64_16x3_nn_align1,not_verified,success,universal,1024,1024,1024,cf32:column,cf32:column,cf32:column,cf32:column,1,0,serial,1,1,heuristic,invalid,invalid,false,false,1,tensorop,cf32,128,64,16,1,1,1,0,0,0,3,4,2,1,16,8,8,80,1024,25165824,8598323200,341,0.231424,101.275,37154
1,CUTLASS,gemm,cutlass_tensorop_c1688gemm_128x64_16x3_cn_align1,not_verified,success,universal,1024,1024,1024,cf32:column,cf32:column,cf32:column,cf32:column,1,0,serial,1,1,heuristic,invalid,invalid,false,false,1,tensorop,cf32,128,64,16,1,1,1,0,0,0,3,4,2,1,16,8,8,80,1024,25165824,8598323200,341,0.223232,104.992,38517.4
1,CUTLASS,gemm,cutlass_tensorop_c1688gemm_128x64_16x3_nc_align1,not_verified,success,universal,1024,1024,1024,cf32:column,cf32:column,cf32:column,cf32:column,1,0,serial,1,1,heuristic,invalid,invalid,false,false,1,tensorop,cf32,128,64,16,1,1,1,0,0,0,3,4,2,1,16,8,8,80,1024,25165824,8598323200,341,0.218112,107.456,39421.6
1,CUTLASS,gemm,cutlass_tensorop_c1688gemm_128x64_16x3_cc_align1,not_verified,success,universal,1024,1024,1024,cf32:column,cf32:column,cf32:column,cf32:column,1,0,serial,1,1,heuristic,invalid,invalid,false,false,1,tensorop,cf32,128,64,16,1,1,1,0,0,0,3,4,2,1,16,8,8,80,1024,25165824,8598323200,341,0.224256,104.512,38341.6
1,CUTLASS,gemm,cutlass_tensorop_c1688gemm_128x64_16x3_nt_align1,not_verified,success,universal,1024,1024,1024,cf32:column,cf32:row,cf32:column,cf32:column,1,0,serial,1,1,heuristic,invalid,invalid,false,false,1,tensorop,cf32,128,64,16,1,1,1,0,0,0,3,4,2,1,16,8,8,80,1024,25165824,8598323200,341,0.219136,106.954,39237.4
1,CUTLASS,gemm,cutlass_tensorop_c1688gemm_128x64_16x3_ct_align1,not_verified,success,universal,1024,1024,1024,cf32:column,cf32:row,cf32:column,cf32:column,1,0,serial,1,1,heuristic,invalid,invalid,false,false,1,tensorop,cf32,128,64,16,1,1,1,0,0,0,3,4,2,1,16,8,8,80,1024,25165824,8598323200,341,0.223232,104.992,38517.4
1,CUTLASS,gemm,cutlass_tensorop_c1688gemm_128x64_16x3_nh_align1,not_verified,success,universal,1024,1024,1024,cf32:column,cf32:row,cf32:column,cf32:column,1,0,serial,1,1,heuristic,invalid,invalid,false,false,1,tensorop,cf32,128,64,16,1,1,1,0,0,0,3,4,2,1,16,8,8,80,1024,25165824,8598323200,341,0.218112,107.456,39421.6
1,CUTLASS,gemm,cutlass_tensorop_c1688gemm_128x64_16x3_ch_align1,not_verified,success,universal,1024,1024,1024,cf32:column,cf32:row,cf32:column,cf32:column,1,0,serial,1,1,heuristic,invalid,invalid,false,false,1,tensorop,cf32,128,64,16,1,1,1,0,0,0,3,4,2,1,16,8,8,80,1024,25165824,8598323200,341,0.218112,107.456,39421.6
1,CUTLASS,gemm,cutlass_tensorop_c1688gemm_128x64_16x3_tn_align1,not_verified,success,universal,1024,1024,1024,cf32:row,cf32:column,cf32:column,cf32:column,1,0,serial,1,1,heuristic,invalid,invalid,false,false,1,tensorop,cf32,128,64,16,1,1,1,0,0,0,3,4,2,1,16,8,8,80,1024,25165824,8598323200,341,0.22528,104.037,38167.3
1,CUTLASS,gemm,cutlass_tensorop_c1688gemm_128x64_16x3_hn_align1,not_verified,success,universal,1024,1024,1024,cf32:row,cf32:column,cf32:column,cf32:column,1,0,serial,1,1,heuristic,invalid,invalid,false,false,1,tensorop,cf32,128,64,16,1,1,1,0,0,0,3,4,2,1,16,8,8,80,1024,25165824,8598323200,341,0.22528,104.037,38167.3
1,CUTLASS,gemm,cutlass_tensorop_c1688gemm_128x64_16x3_tc_align1,not_verified,success,universal,1024,1024,1024,cf32:row,cf32:column,cf32:column,cf32:column,1,0,serial,1,1,heuristic,invalid,invalid,false,false,1,tensorop,cf32,128,64,16,1,1,1,0,0,0,3,4,2,1,16,8,8,80,1024,25165824,8598323200,341,0.222208,105.476,38694.9
1,CUTLASS,gemm,cutlass_tensorop_c1688gemm_128x64_16x3_hc_align1,not_verified,success,universal,1024,1024,1024,cf32:row,cf32:column,cf32:column,cf32:column,1,0,serial,1,1,heuristic,invalid,invalid,false,false,1,tensorop,cf32,128,64,16,1,1,1,0,0,0,3,4,2,1,16,8,8,80,1024,25165824,8598323200,341,0.221184,105.964,38874.1
1,CUTLASS,gemm,cutlass_tensorop_c1688gemm_128x64_16x3_tt_align1,not_verified,success,universal,1024,1024,1024,cf32:row,cf32:row,cf32:column,cf32:column,1,0,serial,1,1,heuristic,invalid,invalid,false,false,1,tensorop,cf32,128,64,16,1,1,1,0,0,0,3,4,2,1,16,8,8,80,1024,25165824,8598323200,341,0.228352,102.638,37653.8
1,CUTLASS,gemm,cutlass_tensorop_c1688gemm_128x64_16x3_ht_align1,not_verified,success,universal,1024,1024,1024,cf32:row,cf32:row,cf32:column,cf32:column,1,0,serial,1,1,heuristic,invalid,invalid,false,false,1,tensorop,cf32,128,64,16,1,1,1,0,0,0,3,4,2,1,16,8,8,80,1024,25165824,8598323200,341,0.224256,104.512,38341.6
1,CUTLASS,gemm,cutlass_tensorop_c1688gemm_128x64_16x3_th_align1,not_verified,success,universal,1024,1024,1024,cf32:row,cf32:row,cf32:column,cf32:column,1,0,serial,1,1,heuristic,invalid,invalid,false,false,1,tensorop,cf32,128,64,16,1,1,1,0,0,0,3,4,2,1,16,8,8,80,1024,25165824,8598323200,341,0.218112,107.456,39421.6
1,CUTLASS,gemm,cutlass_tensorop_c1688gemm_128x64_16x3_hh_align1,not_verified,success,universal,1024,1024,1024,cf32:row,cf32:row,cf32:column,cf32:column,1,0,serial,1,1,heuristic,invalid,invalid,false,false,1,tensorop,cf32,128,64,16,1,1,1,0,0,0,3,4,2,1,16,8,8,80,1024,25165824,8598323200,341,0.223232,104.992,38517.4
1,CUTLASS,gemm,cutlass_tensorop_d884gemm_128x128_16x3_nn_align1,not_verified,success,universal,1024,1024,1024,f64:column,f64:column,f64:column,f64:column,1,0,serial,1,1,heuristic,invalid,invalid,false,false,1,tensorop,f64,128,128,16,1,1,1,0,0,0,3,4,2,1,8,8,4,80,1024,25165824,2149580800,85,3.86662,6.06149,555.932
1,CUTLASS,gemm,cutlass_tensorop_d884gemm_128x128_16x3_nt_align1,not_verified,success,universal,1024,1024,1024,f64:column,f64:row,f64:column,f64:column,1,0,serial,1,1,heuristic,invalid,invalid,false,false,1,tensorop,f64,128,128,16,1,1,1,0,0,0,3,4,2,1,8,8,4,80,1024,25165824,2149580800,85,3.86662,6.06149,555.932
1,CUTLASS,gemm,cutlass_tensorop_d884gemm_128x128_16x3_tn_align1,not_verified,success,universal,1024,1024,1024,f64:row,f64:column,f64:column,f64:column,1,0,serial,1,1,heuristic,invalid,invalid,false,false,1,tensorop,f64,128,128,16,1,1,1,0,0,0,3,4,2,1,8,8,4,80,1024,25165824,2149580800,85,3.86765,6.05988,555.785
1,CUTLASS,gemm,cutlass_tensorop_d884gemm_128x128_16x3_tt_align1,not_verified,success,universal,1024,1024,1024,f64:row,f64:row,f64:column,f64:column,1,0,serial,1,1,heuristic,invalid,invalid,false,false,1,tensorop,f64,128,128,16,1,1,1,0,0,0,3,4,2,1,8,8,4,80,1024,25165824,2149580800,85,3.86765,6.05988,555.785
1,CUTLASS,gemm,cutlass_tensorop_z884gemm_128x64_8x3_nn_align1,not_verified,success,universal,1024,1024,1024,cf64:column,cf64:column,cf64:column,cf64:column,1,0,serial,1,1,heuristic,invalid,invalid,false,false,1,tensorop,cf64,128,64,8,1,1,1,0,0,0,3,4,2,1,8,8,4,80,1024,50331648,8598323200,170,7.69126,6.09458,1117.93
1,CUTLASS,gemm,cutlass_tensorop_z884gemm_128x64_8x3_cn_align1,not_verified,success,universal,1024,1024,1024,cf64:column,cf64:column,cf64:column,cf64:column,1,0,serial,1,1,heuristic,invalid,invalid,false,false,1,tensorop,cf64,128,64,8,1,1,1,0,0,0,3,4,2,1,8,8,4,80,1024,50331648,8598323200,170,7.69229,6.09377,1117.78
1,CUTLASS,gemm,cutlass_tensorop_z884gemm_128x64_8x3_nc_align1,not_verified,success,universal,1024,1024,1024,cf64:column,cf64:column,cf64:column,cf64:column,1,0,serial,1,1,heuristic,invalid,invalid,false,false,1,tensorop,cf64,128,64,8,1,1,1,0,0,0,3,4,2,1,8,8,4,80,1024,50331648,8598323200,170,7.69126,6.09458,1117.93
1,CUTLASS,gemm,cutlass_tensorop_z884gemm_128x64_8x3_cc_align1,not_verified,success,universal,1024,1024,1024,cf64:column,cf64:column,cf64:column,cf64:column,1,0,serial,1,1,heuristic,invalid,invalid,false,false,1,tensorop,cf64,128,64,8,1,1,1,0,0,0,3,4,2,1,8,8,4,80,1024,50331648,8598323200,170,7.69126,6.09458,1117.93
1,CUTLASS,gemm,cutlass_tensorop_z884gemm_128x64_8x3_nt_align1,not_verified,success,universal,1024,1024,1024,cf64:column,cf64:row,cf64:column,cf64:column,1,0,serial,1,1,heuristic,invalid,invalid,false,false,1,tensorop,cf64,128,64,8,1,1,1,0,0,0,3,4,2,1,8,8,4,80,1024,50331648,8598323200,170,7.69229,6.09377,1117.78
1,CUTLASS,gemm,cutlass_tensorop_z884gemm_128x64_8x3_ct_align1,not_verified,success,universal,1024,1024,1024,cf64:column,cf64:row,cf64:column,cf64:column,1,0,serial,1,1,heuristic,invalid,invalid,false,false,1,tensorop,cf64,128,64,8,1,1,1,0,0,0,3,4,2,1,8,8,4,80,1024,50331648,8598323200,170,7.69126,6.09458,1117.93
1,CUTLASS,gemm,cutlass_tensorop_z884gemm_128x64_8x3_nh_align1,not_verified,success,universal,1024,1024,1024,cf64:column,cf64:row,cf64:column,cf64:column,1,0,serial,1,1,heuristic,invalid,invalid,false,false,1,tensorop,cf64,128,64,8,1,1,1,0,0,0,3,4,2,1,8,8,4,80,1024,50331648,8598323200,170,7.76909,6.03353,1106.74
1,CUTLASS,gemm,cutlass_tensorop_z884gemm_128x64_8x3_ch_align1,not_verified,success,universal,1024,1024,1024,cf64:column,cf64:row,cf64:column,cf64:column,1,0,serial,1,1,heuristic,invalid,invalid,false,false,1,tensorop,cf64,128,64,8,1,1,1,0,0,0,3,4,2,1,8,8,4,80,1024,50331648,8598323200,170,7.69229,6.09377,1117.78
1,CUTLASS,gemm,cutlass_tensorop_z884gemm_128x64_8x3_tn_align1,not_verified,success,universal,1024,1024,1024,cf64:row,cf64:column,cf64:column,cf64:column,1,0,serial,1,1,heuristic,invalid,invalid,false,false,1,tensorop,cf64,128,64,8,1,1,1,0,0,0,3,4,2,1,8,8,4,80,1024,50331648,8598323200,170,7.69126,6.09458,1117.93
1,CUTLASS,gemm,cutlass_tensorop_z884gemm_128x64_8x3_hn_align1,not_verified,success,universal,1024,1024,1024,cf64:row,cf64:column,cf64:column,cf64:column,1,0,serial,1,1,heuristic,invalid,invalid,false,false,1,tensorop,cf64,128,64,8,1,1,1,0,0,0,3,4,2,1,8,8,4,80,1024,50331648,8598323200,170,7.69126,6.09458,1117.93
1,CUTLASS,gemm,cutlass_tensorop_z884gemm_128x64_8x3_tc_align1,not_verified,success,universal,1024,1024,1024,cf64:row,cf64:column,cf64:column,cf64:column,1,0,serial,1,1,heuristic,invalid,invalid,false,false,1,tensorop,cf64,128,64,8,1,1,1,0,0,0,3,4,2,1,8,8,4,80,1024,50331648,8598323200,170,7.69126,6.09458,1117.93
1,CUTLASS,gemm,cutlass_tensorop_z884gemm_128x64_8x3_hc_align1,not_verified,success,universal,1024,1024,1024,cf64:row,cf64:column,cf64:column,cf64:column,1,0,serial,1,1,heuristic,invalid,invalid,false,false,1,tensorop,cf64,128,64,8,1,1,1,0,0,0,3,4,2,1,8,8,4,80,1024,50331648,8598323200,170,7.69229,6.09377,1117.78
1,CUTLASS,gemm,cutlass_tensorop_z884gemm_128x64_8x3_tt_align1,not_verified,success,universal,1024,1024,1024,cf64:row,cf64:row,cf64:column,cf64:column,1,0,serial,1,1,heuristic,invalid,invalid,false,false,1,tensorop,cf64,128,64,8,1,1,1,0,0,0,3,4,2,1,8,8,4,80,1024,50331648,8598323200,170,7.69126,6.09458,1117.93
1,CUTLASS,gemm,cutlass_tensorop_z884gemm_128x64_8x3_ht_align1,not_verified,success,universal,1024,1024,1024,cf64:row,cf64:row,cf64:column,cf64:column,1,0,serial,1,1,heuristic,invalid,invalid,false,false,1,tensorop,cf64,128,64,8,1,1,1,0,0,0,3,4,2,1,8,8,4,80,1024,50331648,8598323200,170,7.69126,6.09458,1117.93
1,CUTLASS,gemm,cutlass_tensorop_z884gemm_128x64_8x3_th_align1,not_verified,success,universal,1024,1024,1024,cf64:row,cf64:row,cf64:column,cf64:column,1,0,serial,1,1,heuristic,invalid,invalid,false,false,1,tensorop,cf64,128,64,8,1,1,1,0,0,0,3,4,2,1,8,8,4,80,1024,50331648,8598323200,170,7.69126,6.09458,1117.93
1,CUTLASS,gemm,cutlass_tensorop_z884gemm_128x64_8x3_hh_align1,not_verified,success,universal,1024,1024,1024,cf64:row,cf64:row,cf64:column,cf64:column,1,0,serial,1,1,heuristic,invalid,invalid,false,false,1,tensorop,cf64,128,64,8,1,1,1,0,0,0,3,4,2,1,8,8,4,80,1024,50331648,8598323200,170,7.69126,6.09458,1117.93
1,CUTLASS,gemm,cutlass_tensorop_gz884gemm_64x64_8x3_nn_align1,not_verified,success,universal,1024,1024,1024,cf64:column,cf64:column,cf64:column,cf64:column,1,0,serial,1,1,heuristic,invalid,invalid,false,false,1,tensorop,cf64,64,64,8,1,1,1,0,0,0,3,4,2,1,8,8,4,80,1024,50331648,6448742400,128,6.12762,7.64979,1052.41
1,CUTLASS,gemm,cutlass_tensorop_gz884gemm_64x64_8x3_cn_align1,not_verified,success,universal,1024,1024,1024,cf64:column,cf64:column,cf64:column,cf64:column,1,0,serial,1,1,heuristic,invalid,invalid,false,false,1,tensorop,cf64,64,64,8,1,1,1,0,0,0,3,4,2,1,8,8,4,80,1024,50331648,6448742400,128,6.12557,7.65235,1052.76
1,CUTLASS,gemm,cutlass_tensorop_gz884gemm_64x64_8x3_nc_align1,not_verified,success,universal,1024,1024,1024,cf64:column,cf64:column,cf64:column,cf64:column,1,0,serial,1,1,heuristic,invalid,invalid,false,false,1,tensorop,cf64,64,64,8,1,1,1,0,0,0,3,4,2,1,8,8,4,80,1024,50331648,6448742400,128,6.12557,7.65235,1052.76
1,CUTLASS,gemm,cutlass_tensorop_gz884gemm_64x64_8x3_cc_align1,not_verified,success,universal,1024,1024,1024,cf64:column,cf64:column,cf64:column,cf64:column,1,0,serial,1,1,heuristic,invalid,invalid,false,false,1,tensorop,cf64,64,64,8,1,1,1,0,0,0,3,4,2,1,8,8,4,80,1024,50331648,6448742400,128,6.12762,7.64979,1052.41
1,CUTLASS,gemm,cutlass_tensorop_gz884gemm_64x64_8x3_nt_align1,not_verified,success,universal,1024,1024,1024,cf64:column,cf64:row,cf64:column,cf64:column,1,0,serial,1,1,heuristic,invalid,invalid,false,false,1,tensorop,cf64,64,64,8,1,1,1,0,0,0,3,4,2,1,8,8,4,80,1024,50331648,6448742400,128,6.13171,7.64468,1051.7
1,CUTLASS,gemm,cutlass_tensorop_gz884gemm_64x64_8x3_ct_align1,not_verified,success,universal,1024,1024,1024,cf64:column,cf64:row,cf64:column,cf64:column,1,0,serial,1,1,heuristic,invalid,invalid,false,false,1,tensorop,cf64,64,64,8,1,1,1,0,0,0,3,4,2,1,8,8,4,80,1024,50331648,6448742400,128,6.13274,7.64341,1051.53
1,CUTLASS,gemm,cutlass_tensorop_gz884gemm_64x64_8x3_nh_align1,not_verified,success,universal,1024,1024,1024,cf64:column,cf64:row,cf64:column,cf64:column,1,0,serial,1,1,heuristic,invalid,invalid,false,false,1,tensorop,cf64,64,64,8,1,1,1,0,0,0,3,4,2,1,8,8,4,80,1024,50331648,6448742400,128,6.12966,7.64724,1052.05
1,CUTLASS,gemm,cutlass_tensorop_gz884gemm_64x64_8x3_ch_align1,not_verified,success,universal,1024,1024,1024,cf64:column,cf64:row,cf64:column,cf64:column,1,0,serial,1,1,heuristic,invalid,invalid,false,false,1,tensorop,cf64,64,64,8,1,1,1,0,0,0,3,4,2,1,8,8,4,80,1024,50331648,6448742400,128,6.13069,7.64596,1051.88
1,CUTLASS,gemm,cutlass_tensorop_gz884gemm_64x64_8x3_tn_align1,not_verified,success,universal,1024,1024,1024,cf64:row,cf64:column,cf64:column,cf64:column,1,0,serial,1,1,heuristic,invalid,invalid,false,false,1,tensorop,cf64,64,64,8,1,1,1,0,0,0,3,4,2,1,8,8,4,80,1024,50331648,6448742400,128,6.11123,7.6703,1055.23
1,CUTLASS,gemm,cutlass_tensorop_gz884gemm_64x64_8x3_hn_align1,not_verified,success,universal,1024,1024,1024,cf64:row,cf64:column,cf64:column,cf64:column,1,0,serial,1,1,heuristic,invalid,invalid,false,false,1,tensorop,cf64,64,64,8,1,1,1,0,0,0,3,4,2,1,8,8,4,80,1024,50331648,6448742400,128,6.11123,7.6703,1055.23
1,CUTLASS,gemm,cutlass_tensorop_gz884gemm_64x64_8x3_tc_align1,not_verified,success,universal,1024,1024,1024,cf64:row,cf64:column,cf64:column,cf64:column,1,0,serial,1,1,heuristic,invalid,invalid,false,false,1,tensorop,cf64,64,64,8,1,1,1,0,0,0,3,4,2,1,8,8,4,80,1024,50331648,6448742400,128,6.11226,7.66902,1055.05
1,CUTLASS,gemm,cutlass_tensorop_gz884gemm_64x64_8x3_hc_align1,not_verified,success,universal,1024,1024,1024,cf64:row,cf64:column,cf64:column,cf64:column,1,0,serial,1,1,heuristic,invalid,invalid,false,false,1,tensorop,cf64,64,64,8,1,1,1,0,0,0,3,4,2,1,8,8,4,80,1024,50331648,6448742400,128,6.11123,7.6703,1055.23
1,CUTLASS,gemm,cutlass_tensorop_gz884gemm_64x64_8x3_tt_align1,not_verified,success,universal,1024,1024,1024,cf64:row,cf64:row,cf64:column,cf64:column,1,0,serial,1,1,heuristic,invalid,invalid,false,false,1,tensorop,cf64,64,64,8,1,1,1,0,0,0,3,4,2,1,8,8,4,80,1024,50331648,6448742400,128,6.12352,7.65491,1053.11
1,CUTLASS,gemm,cutlass_tensorop_gz884gemm_64x64_8x3_ht_align1,not_verified,success,universal,1024,1024,1024,cf64:row,cf64:row,cf64:column,cf64:column,1,0,serial,1,1,heuristic,invalid,invalid,false,false,1,tensorop,cf64,64,64,8,1,1,1,0,0,0,3,4,2,1,8,8,4,80,1024,50331648,6448742400,128,6.12557,7.65235,1052.76
1,CUTLASS,gemm,cutlass_tensorop_gz884gemm_64x64_8x3_th_align1,not_verified,success,universal,1024,1024,1024,cf64:row,cf64:row,cf64:column,cf64:column,1,0,serial,1,1,heuristic,invalid,invalid,false,false,1,tensorop,cf64,64,64,8,1,1,1,0,0,0,3,4,2,1,8,8,4,80,1024,50331648,6448742400,128,6.12557,7.65235,1052.76
1,CUTLASS,gemm,cutlass_tensorop_gz884gemm_64x64_8x3_hh_align1,not_verified,success,universal,1024,1024,1024,cf64:row,cf64:row,cf64:column,cf64:column,1,0,serial,1,1,heuristic,invalid,invalid,false,false,1,tensorop,cf64,64,64,8,1,1,1,0,0,0,3,4,2,1,8,8,4,80,1024,50331648,6448742400,128,6.12557,7.65235,1052.76
1,CUTLASS,gemm,cutlass_tensorop_s16816gemm_s8_f16_128x128_64x4_tn_align16,not_verified,success,universal,1024,1024,1024,s8:row,f16:column,f32:column,f32:column,1,0,serial,1,1,heuristic,invalid,invalid,false,false,1,tensorop,f32,128,128,64,1,1,1,0,0,0,4,2,2,1,16,8,16,80,1024,7340032,2149580800,292,0.05632,121.377,38167.3
1,CUTLASS,gemm,cutlass_tensorop_f16_s16816gemm_s8_f16_128x128_64x4_tn_align16,not_verified,success,universal,1024,1024,1024,s8:row,f16:column,f16:column,f16:column,1,0,serial,1,1,heuristic,invalid,invalid,false,false,1,tensorop,f32,128,128,64,1,1,1,0,0,0,4,2,2,1,16,8,16,80,1024,5242880,2149580800,410,0.058368,83.6556,36828.1
1,CUTLASS,gemm,cutlass_tensorop_s16816gemm_u8_f16_128x128_64x4_tn_align16,not_verified,success,universal,1024,1024,1024,u8:row,f16:column,f32:column,f32:column,1,0,serial,1,1,heuristic,invalid,invalid,false,false,1,tensorop,f32,128,128,64,1,1,1,0,0,0,4,2,2,1,16,8,16,80,1024,7340032,2149580800,292,0.055296,123.624,38874.1
1,CUTLASS,gemm,cutlass_tensorop_f16_s16816gemm_u8_f16_128x128_64x4_tn_align16,not_verified,success,universal,1024,1024,1024,u8:row,f16:column,f16:column,f16:column,1,0,serial,1,1,heuristic,invalid,invalid,false,false,1,tensorop,f32,128,128,64,1,1,1,0,0,0,4,2,2,1,16,8,16,80,1024,5242880,2149580800,410,0.063488,76.9092,33858.1
1,CUTLASS,gemm,cutlass_tensorop_s16816gemm_s8_bf16_128x128_64x4_tn_align16,not_verified,success,universal,1024,1024,1024,s8:row,bf16:column,f32:column,f32:column,1,0,serial,1,1,heuristic,invalid,invalid,false,false,1,tensorop,f32,128,128,64,1,1,1,0,0,0,4,2,2,1,16,8,16,80,1024,7340032,2149580800,292,0.057344,119.209,37485.7
1,CUTLASS,gemm,cutlass_tensorop_bf16_s16816gemm_s8_bf16_128x128_64x4_tn_align16,not_verified,success,universal,1024,1024,1024,s8:row,bf16:column,bf16:column,bf16:column,1,0,serial,1,1,heuristic,invalid,invalid,false,false,1,tensorop,f32,128,128,64,1,1,1,0,0,0,4,2,2,1,16,8,16,80,1024,5242880,2149580800,410,0.057344,85.1495,37485.7
1,CUTLASS,gemm,cutlass_tensorop_s16816gemm_u8_bf16_128x128_64x4_tn_align16,not_verified,success,universal,1024,1024,1024,u8:row,bf16:column,f32:column,f32:column,1,0,serial,1,1,heuristic,invalid,invalid,false,false,1,tensorop,f32,128,128,64,1,1,1,0,0,0,4,2,2,1,16,8,16,80,1024,7340032,2149580800,292,0.060416,113.148,35579.7
1,CUTLASS,gemm,cutlass_tensorop_bf16_s16816gemm_u8_bf16_128x128_64x4_tn_align16,not_verified,success,universal,1024,1024,1024,u8:row,bf16:column,bf16:column,bf16:column,1,0,serial,1,1,heuristic,invalid,invalid,false,false,1,tensorop,f32,128,128,64,1,1,1,0,0,0,4,2,2,1,16,8,16,80,1024,5242880,2149580800,410,0.059392,82.2133,36193.1
1,CUTLASS,gemm,cutlass_tensorop_h16816gemm_s8_f16_128x128_64x4_tn_align16,not_verified,success,universal,1024,1024,1024,s8:row,f16:column,f16:column,f16:column,1,0,serial,1,1,heuristic,invalid,invalid,false,false,1,tensorop,f16,128,128,64,1,1,1,0,0,0,4,2,2,1,16,8,16,80,1024,5242880,2149580800,410,0.057344,85.1495,37485.7
1,CUTLASS,gemm,cutlass_tensorop_h16816gemm_u8_f16_128x128_64x4_tn_align16,not_verified,success,universal,1024,1024,1024,u8:row,f16:column,f16:column,f16:column,1,0,serial,1,1,heuristic,invalid,invalid,false,false,1,tensorop,f16,128,128,64,1,1,1,0,0,0,4,2,2,1,16,8,16,80,1024,5242880,2149580800,410,0.058368,83.6556,36828.1
1,CUTLASS,gemm,cutlass_tensorop_s16816gemm_f16_s8_128x128_64x4_tn_align16,not_verified,success,universal,1024,1024,1024,f16:row,s8:column,f32:column,f32:column,1,0,serial,1,1,heuristic,invalid,invalid,false,false,1,tensorop,f32,128,128,64,1,1,1,0,0,0,4,2,2,1,16,8,16,80,1024,7340032,2149580800,292,0.05632,121.377,38167.3
1,CUTLASS,gemm,cutlass_tensorop_f16_s16816gemm_f16_s8_128x128_64x4_tn_align16,not_verified,success,universal,1024,1024,1024,f16:row,s8:column,f16:column,f16:column,1,0,serial,1,1,heuristic,invalid,invalid,false,false,1,tensorop,f32,128,128,64,1,1,1,0,0,0,4,2,2,1,16,8,16,80,1024,5242880,2149580800,410,0.05632,86.6977,38167.3
1,CUTLASS,gemm,cutlass_tensorop_s16816gemm_f16_u8_128x128_64x4_tn_align16,not_verified,success,universal,1024,1024,1024,f16:row,u8:column,f32:column,f32:column,1,0,serial,1,1,heuristic,invalid,invalid,false,false,1,tensorop,f32,128,128,64,1,1,1,0,0,0,4,2,2,1,16,8,16,80,1024,7340032,2149580800,292,0.057344,119.209,37485.7
1,CUTLASS,gemm,cutlass_tensorop_f16_s16816gemm_f16_u8_128x128_64x4_tn_align16,not_verified,success,universal,1024,1024,1024,f16:row,u8:column,f16:column,f16:column,1,0,serial,1,1,heuristic,invalid,invalid,false,false,1,tensorop,f32,128,128,64,1,1,1,0,0,0,4,2,2,1,16,8,16,80,1024,5242880,2149580800,410,0.055296,88.3032,38874.1
1,CUTLASS,gemm,cutlass_tensorop_s16816gemm_bf16_s8_128x128_64x4_tn_align16,not_verified,success,universal,1024,1024,1024,bf16:row,s8:column,f32:column,f32:column,1,0,serial,1,1,heuristic,invalid,invalid,false,false,1,tensorop,f32,128,128,64,1,1,1,0,0,0,4,2,2,1,16,8,16,80,1024,7340032,2149580800,292,0.059392,115.099,36193.1
1,CUTLASS,gemm,cutlass_tensorop_bf16_s16816gemm_bf16_s8_128x128_64x4_tn_align16,not_verified,success,universal,1024,1024,1024,bf16:row,s8:column,bf16:column,bf16:column,1,0,serial,1,1,heuristic,invalid,invalid,false,false,1,tensorop,f32,128,128,64,1,1,1,0,0,0,4,2,2,1,16,8,16,80,1024,5242880,2149580800,410,0.057344,85.1495,37485.7
1,CUTLASS,gemm,cutlass_tensorop_s16816gemm_bf16_u8_128x128_64x4_tn_align16,not_verified,success,universal,1024,1024,1024,bf16:row,u8:column,f32:column,f32:column,1,0,serial,1,1,heuristic,invalid,invalid,false,false,1,tensorop,f32,128,128,64,1,1,1,0,0,0,4,2,2,1,16,8,16,80,1024,7340032,2149580800,292,0.058368,117.118,36828.1
1,CUTLASS,gemm,cutlass_tensorop_bf16_s16816gemm_bf16_u8_128x128_64x4_tn_align16,not_verified,success,universal,1024,1024,1024,bf16:row,u8:column,bf16:column,bf16:column,1,0,serial,1,1,heuristic,invalid,invalid,false,false,1,tensorop,f32,128,128,64,1,1,1,0,0,0,4,2,2,1,16,8,16,80,1024,5242880,2149580800,410,0.057344,85.1495,37485.7
1,CUTLASS,gemm,cutlass_tensorop_h16816gemm_f16_s8_128x128_64x4_tn_align16,not_verified,success,universal,1024,1024,1024,f16:row,s8:column,f16:column,f16:column,1,0,serial,1,1,heuristic,invalid,invalid,false,false,1,tensorop,f16,128,128,64,1,1,1,0,0,0,4,2,2,1,16,8,16,80,1024,5242880,2149580800,410,0.05632,86.6977,38167.3
1,CUTLASS,gemm,cutlass_tensorop_h16816gemm_f16_u8_128x128_64x4_tn_align16,not_verified,success,universal,1024,1024,1024,f16:row,u8:column,f16:column,f16:column,1,0,serial,1,1,heuristic,invalid,invalid,false,false,1,tensorop,f16,128,128,64,1,1,1,0,0,0,4,2,2,1,16,8,16,80,1024,5242880,2149580800,410,0.069632,70.1231,30870.6
1,CUTLASS,gemm,cutlass_tensorop_i16832gemm_s8_256x128_64x3_tn_align16,not_verified,success,universal,1024,1024,1024,s8:row,s8:column,s32:column,s32:column,1,0,serial,1,1,heuristic,invalid,invalid,false,false,1,tensorop,s32,256,128,64,1,1,1,0,0,0,3,4,2,1,16,8,32,80,1024,6291456,2149580800,341,0.055296,105.964,38874.1
1,CUTLASS,gemm,cutlass_tensorop_s8_i16832gemm_s8_256x128_64x3_tn_align16,not_verified,success,universal,1024,1024,1024,s8:row,s8:column,s8:column,s8:column,1,0,serial,1,1,heuristic,invalid,invalid,false,false,1,tensorop,s32,256,128,64,1,1,1,0,0,0,3,4,2,1,16,8,32,80,1024,3145728,2149580800,683,0.05632,52.0186,38167.3
1,CUTLASS,gemm,cutlass_tensorop_i16832gemm_u8_256x128_64x3_tn_align16,not_verified,success,universal,1024,1024,1024,u8:row,u8:column,s32:column,s32:column,1,0,serial,1,1,heuristic,invalid,invalid,false,false,1,tensorop,s32,256,128,64,1,1,1,0,0,0,3,4,2,1,16,8,32,80,1024,6291456,2149580800,341,0.054272,107.963,39607.5
1,CUTLASS,gemm,cutlass_tensorop_u8_i16832gemm_u8_256x128_64x3_tn_align16,not_verified,success,universal,1024,1024,1024,u8:row,u8:column,u8:column,u8:column,1,0,serial,1,1,heuristic,invalid,invalid,false,false,1,tensorop,s32,256,128,64,1,1,1,0,0,0,3,4,2,1,16,8,32,80,1024,3145728,2149580800,683,0.054272,53.9816,39607.5
1,CUTLASS,gemm,cutlass_tensorop_i16832gemm_s4_s8_256x128_64x3_tn_align32,not_verified,success,universal,1024,1024,1024,s4:row,s8:column,s32:column,s32:column,1,0,serial,1,1,heuristic,invalid,invalid,false,false,1,tensorop,s32,256,128,64,1,1,1,0,0,0,3,4,2,1,16,8,32,80,1024,5767168,2149580800,372,0.059392,90.4346,36193.1
1,CUTLASS,gemm,cutlass_tensorop_s8_i16832gemm_s4_s8_256x128_64x3_tn_align32,not_verified,success,universal,1024,1024,1024,s4:row,s8:column,s8:column,s8:column,1,0,serial,1,1,heuristic,invalid,invalid,false,false,1,tensorop,s32,256,128,64,1,1,1,0,0,0,3,4,2,1,16,8,32,80,1024,2621440,2149580800,820,0.057344,42.5747,37485.7
1,CUTLASS,gemm,cutlass_tensorop_i16832gemm_s8_s4_256x128_64x3_tn_align32,not_verified,success,universal,1024,1024,1024,s8:row,s4:column,s32:column,s32:column,1,0,serial,1,1,heuristic,invalid,invalid,false,false,1,tensorop,s32,256,128,64,1,1,1,0,0,0,3,4,2,1,16,8,32,80,1024,5767168,2149580800,372,0.06144,87.4201,34986.7
1,CUTLASS,gemm,cutlass_tensorop_s8_i16832gemm_s8_s4_256x128_64x3_tn_align32,not_verified,success,universal,1024,1024,1024,s8:row,s4:column,s8:column,s8:column,1,0,serial,1,1,heuristic,invalid,invalid,false,false,1,tensorop,s32,256,128,64,1,1,1,0,0,0,3,4,2,1,16,8,32,80,1024,2621440,2149580800,820,0.060416,40.4099,35579.7
1,CUTLASS,gemm,cutlass_tensorop_s8_i16832gemm_s8_256x128_64x3_n32t32_align16,not_verified,success,universal,1024,1024,1024,s8:nk32,s8:tk32,s8:nk32,s8:nk32,1,0,serial,1,1,heuristic,invalid,invalid,false,false,1,tensorop,s32,256,128,64,1,1,1,0,0,0,3,4,2,1,16,8,32,80,1024,3145728,2149580800,683,0.065536,44.7035,32800
1,CUTLASS,gemm,cutlass_tensorop_u8_i16832gemm_u8_256x128_64x3_n32t32_align16,not_verified,success,universal,1024,1024,1024,u8:nk32,u8:tk32,u8:nk32,u8:nk32,1,0,serial,1,1,heuristic,invalid,invalid,false,false,1,tensorop,s32,256,128,64,1,1,1,0,0,0,3,4,2,1,16,8,32,80,1024,3145728,2149580800,683,0.05632,52.0186,38167.3
1,CUTLASS,gemm,cutlass_tensorop_i16864gemm_s4_256x128_128x3_tn_align32,not_verified,success,universal,1024,1024,1024,s4:row,s4:column,s32:column,s32:column,1,0,serial,1,1,heuristic,invalid,invalid,false,false,1,tensorop,s32,256,128,128,1,1,1,0,0,0,3,4,2,1,16,8,64,80,1024,5242880,2149580800,410,0.049152,99.3411,43733.3
1,CUTLASS,gemm,cutlass_tensorop_s4_i16864gemm_s4_256x128_128x3_tn_align32,not_verified,success,universal,1024,1024,1024,s4:row,s4:column,s4:column,s4:column,1,0,serial,1,1,heuristic,invalid,invalid,false,false,1,tensorop,s32,256,128,128,1,1,1,0,0,0,3,4,2,1,16,8,64,80,1024,1572864,2149580800,1366,0.049152,29.8023,43733.3
1,CUTLASS,gemm,cutlass_tensorop_i16864gemm_u4_256x128_128x3_tn_align32,not_verified,success,universal,1024,1024,1024,u4:row,u4:column,s32:column,s32:column,1,0,serial,1,1,heuristic,invalid,invalid,false,false,1,tensorop,s32,256,128,128,1,1,1,0,0,0,3,4,2,1,16,8,64,80,1024,5242880,2149580800,410,0.049152,99.3411,43733.3
1,CUTLASS,gemm,cutlass_tensorop_u4_i16864gemm_u4_256x128_128x3_tn_align32,not_verified,success,universal,1024,1024,1024,u4:row,u4:column,u4:column,u4:column,1,0,serial,1,1,heuristic,invalid,invalid,false,false,1,tensorop,s32,256,128,128,1,1,1,0,0,0,3,4,2,1,16,8,64,80,1024,1572864,2149580800,1366,0.049152,29.8023,43733.3
1,CUTLASS,gemm,cutlass_tensorop_s4_i16864gemm_s4_256x128_128x3_n64t64_align32,not_verified,success,universal,1024,1024,1024,s4:nk64,s4:tk64,s4:nk64,s4:nk64,1,0,serial,1,1,heuristic,invalid,invalid,false,false,1,tensorop,s32,256,128,128,1,1,1,0,0,0,3,4,2,1,16,8,64,80,1024,1572864,2149580800,1366,0.048128,30.4364,44663.8
1,CUTLASS,gemm,cutlass_tensorop_u4_i16864gemm_u4_256x128_128x3_n64t64_align32,not_verified,success,universal,1024,1024,1024,u4:nk64,u4:tk64,u4:nk64,u4:nk64,1,0,serial,1,1,heuristic,invalid,invalid,false,false,1,tensorop,s32,256,128,128,1,1,1,0,0,0,3,4,2,1,16,8,64,80,1024,1572864,2149580800,1366,0.049152,29.8023,43733.3
1,CUTLASS,gemm,cutlass_tensorop_i168256xorgemm_b1_256x128_512x3_tn_align128,not_verified,success,universal,1024,1024,1024,b1:row,b1:column,s32:column,s32:column,1,0,serial,1,1,heuristic,invalid,invalid,false,false,1,tensorop,s32,256,128,512,1,1,1,0,0,0,3,4,2,1,16,8,256,80,1024,4456448,2149580800,482,0.048128,86.2365,44663.8
1,CUTLASS,gemm,cutlass_tensorop_i168256andgemm_b1_256x128_512x3_tn_align128,not_verified,success,universal,1024,1024,1024,b1:row,b1:column,s32:column,s32:column,1,0,serial,1,1,heuristic,invalid,invalid,false,false,1,tensorop,s32,256,128,512,1,1,1,0,0,0,3,4,2,1,16,8,256,80,1024,4456448,2149580800,482,0.050176,82.7167,42840.8
1,CUTLASS,gemm,cutlass_simt_sgemm_256x128_8x5_nn_align1,not_verified,success,universal,1024,1024,1024,f32:column,f32:column,f32:column,f32:column,1,0,serial,1,1,heuristic,invalid,invalid,false,false,1,simt,f32,256,128,8,1,1,1,0,0,0,5,4,2,1,1,1,1,50,1024,12582912,2149580800,170,0.195584,59.9167,10990.6
1,CUTLASS,gemm,cutlass_simt_sgemm_256x128_8x5_nt_align1,not_verified,success,universal,1024,1024,1024,f32:column,f32:row,f32:column,f32:column,1,0,serial,1,1,heuristic,invalid,invalid,false,false,1,simt,f32,256,128,8,1,1,1,0,0,0,5,4,2,1,1,1,1,50,1024,12582912,2149580800,170,0.185344,63.227,11597.8
1,CUTLASS,gemm,cutlass_simt_sgemm_256x128_8x5_tn_align1,not_verified,success,universal,1024,1024,1024,f32:row,f32:column,f32:column,f32:column,1,0,serial,1,1,heuristic,invalid,invalid,false,false,1,simt,f32,256,128,8,1,1,1,0,0,0,5,4,2,1,1,1,1,50,1024,12582912,2149580800,170,0.203776,57.508,10548.7
1,CUTLASS,gemm,cutlass_simt_sgemm_256x128_8x5_tt_align1,not_verified,success,universal,1024,1024,1024,f32:row,f32:row,f32:column,f32:column,1,0,serial,1,1,heuristic,invalid,invalid,false,false,1,simt,f32,256,128,8,1,1,1,0,0,0,5,4,2,1,1,1,1,50,1024,12582912,2149580800,170,0.18944,61.86,11347
1,CUTLASS,gemm,cutlass_simt_dgemm_128x128_8x3_nn_align1,not_verified,success,universal,1024,1024,1024,f64:column,f64:column,f64:column,f64:column,1,0,serial,1,1,heuristic,invalid,invalid,false,false,1,simt,f64,128,128,8,1,1,1,0,0,0,3,4,2,1,1,1,1,50,1024,25165824,2149580800,85,3.37818,6.93792,636.314
1,CUTLASS,gemm,cutlass_simt_dgemm_128x128_8x3_nt_align1,not_verified,success,universal,1024,1024,1024,f64:column,f64:row,f64:column,f64:column,1,0,serial,1,1,heuristic,invalid,invalid,false,false,1,simt,f64,128,128,8,1,1,1,0,0,0,3,4,2,1,1,1,1,50,1024,25165824,2149580800,85,3.37715,6.94002,636.507
1,CUTLASS,gemm,cutlass_simt_dgemm_128x128_8x3_tn_align1,not_verified,success,universal,1024,1024,1024,f64:row,f64:column,f64:column,f64:column,1,0,serial,1,1,heuristic,invalid,invalid,false,false,1,simt,f64,128,128,8,1,1,1,0,0,0,3,4,2,1,1,1,1,50,1024,25165824,2149580800,85,3.3792,6.93581,636.121
1,CUTLASS,gemm,cutlass_simt_dgemm_128x128_8x3_tt_align1,not_verified,success,universal,1024,1024,1024,f64:row,f64:row,f64:column,f64:column,1,0,serial,1,1,heuristic,invalid,invalid,false,false,1,simt,f64,128,128,8,1,1,1,0,0,0,3,4,2,1,1,1,1,50,1024,25165824,2149580800,85,3.37715,6.94002,636.507
1,CUTLASS,gemm,cutlass_simt_cgemm_128x128_8x5_nn_align1,not_verified,success,universal,1024,1024,1024,cf32:column,cf32:column,cf32:column,cf32:column,1,0,serial,1,1,heuristic,invalid,invalid,false,false,1,simt,cf32,128,128,8,1,1,1,0,0,0,5,4,2,1,1,1,1,50,1024,25165824,8598323200,341,0.31232,75.0432,27530.5
1,CUTLASS,gemm,cutlass_simt_cgemm_128x128_8x5_cn_align1,not_verified,success,universal,1024,1024,1024,cf32:column,cf32:column,cf32:column,cf32:column,1,0,serial,1,1,heuristic,invalid,invalid,false,false,1,simt,cf32,128,128,8,1,1,1,0,0,0,5,4,2,1,1,1,1,50,1024,25165824,8598323200,341,0.338944,69.1486,25368
1,CUTLASS,gemm,cutlass_simt_cgemm_128x128_8x5_nc_align1,not_verified,success,universal,1024,1024,1024,cf32:column,cf32:column,cf32:column,cf32:column,1,0,serial,1,1,heuristic,invalid,invalid,false,false,1,simt,cf32,128,128,8,1,1,1,0,0,0,5,4,2,1,1,1,1,50,1024,25165824,8598323200,341,0.338944,69.1486,25368
1,CUTLASS,gemm,cutlass_simt_cgemm_128x128_8x5_cc_align1,not_verified,success,universal,1024,1024,1024,cf32:column,cf32:column,cf32:column,cf32:column,1,0,serial,1,1,heuristic,invalid,invalid,false,false,1,simt,cf32,128,128,8,1,1,1,0,0,0,5,4,2,1,1,1,1,50,1024,25165824,8598323200,341,0.38912,60.2321,22096.8
1,CUTLASS,gemm,cutlass_simt_cgemm_128x128_8x5_nt_align1,not_verified,success,universal,1024,1024,1024,cf32:column,cf32:row,cf32:column,cf32:column,1,0,serial,1,1,heuristic,invalid,invalid,false,false,1,simt,cf32,128,128,8,1,1,1,0,0,0,5,4,2,1,1,1,1,50,1024,25165824,8598323200,341,0.311296,75.2901,27621.1
1,CUTLASS,gemm,cutlass_simt_cgemm_128x128_8x5_ct_align1,not_verified,success,universal,1024,1024,1024,cf32:column,cf32:row,cf32:column,cf32:column,1,0,serial,1,1,heuristic,invalid,invalid,false,false,1,simt,cf32,128,128,8,1,1,1,0,0,0,5,4,2,1,1,1,1,50,1024,25165824,8598323200,341,0.333824,70.2092,25757.1
1,CUTLASS,gemm,cutlass_simt_cgemm_128x128_8x5_nh_align1,not_verified,success,universal,1024,1024,1024,cf32:column,cf32:row,cf32:column,cf32:column,1,0,serial,1,1,heuristic,invalid,invalid,false,false,1,simt,cf32,128,128,8,1,1,1,0,0,0,5,4,2,1,1,1,1,50,1024,25165824,8598323200,341,0.3328,70.4252,25836.3
1,CUTLASS,gemm,cutlass_simt_cgemm_128x128_8x5_ch_align1,not_verified,success,universal,1024,1024,1024,cf32:column,cf32:row,cf32:column,cf32:column,1,0,serial,1,1,heuristic,invalid,invalid,false,false,1,simt,cf32,128,128,8,1,1,1,0,0,0,5,4,2,1,1,1,1,50,1024,25165824,8598323200,341,0.39424,59.4498,21809.9
1,CUTLASS,gemm,cutlass_simt_cgemm_128x128_8x5_tn_align1,not_verified,success,universal,1024,1024,1024,cf32:row,cf32:column,cf32:column,cf32:column,1,0,serial,1,1,heuristic,invalid,invalid,false,false,1,simt,cf32,128,128,8,1,1,1,0,0,0,5,4,2,1,1,1,1,50,1024,25165824,8598323200,341,0.313344,74.798,27440.5
1,CUTLASS,gemm,cutlass_simt_cgemm_128x128_8x5_hn_align1,not_verified,success,universal,1024,1024,1024,cf32:row,cf32:column,cf32:column,cf32:column,1,0,serial,1,1,heuristic,invalid,invalid,false,false,1,simt,cf32,128,128,8,1,1,1,0,0,0,5,4,2,1,1,1,1,50,1024,25165824,8598323200,341,0.351232,66.7294,24480.5
1,CUTLASS,gemm,cutlass_simt_cgemm_128x128_8x5_tc_align1,not_verified,success,universal,1024,1024,1024,cf32:row,cf32:column,cf32:column,cf32:column,1,0,serial,1,1,heuristic,invalid,invalid,false,false,1,simt,cf32,128,128,8,1,1,1,0,0,0,5,4,2,1,1,1,1,50,1024,25165824,8598323200,341,0.347136,67.5168,24769.3
1,CUTLASS,gemm,cutlass_simt_cgemm_128x128_8x5_hc_align1,not_verified,success,universal,1024,1024,1024,cf32:row,cf32:column,cf32:column,cf32:column,1,0,serial,1,1,heuristic,invalid,invalid,false,false,1,simt,cf32,128,128,8,1,1,1,0,0,0,5,4,2,1,1,1,1,50,1024,25165824,8598323200,341,0.400384,58.5376,21475.2
1,CUTLASS,gemm,cutlass_simt_cgemm_128x128_8x5_tt_align1,not_verified,success,universal,1024,1024,1024,cf32:row,cf32:row,cf32:column,cf32:column,1,0,serial,1,1,heuristic,invalid,invalid,false,false,1,simt,cf32,128,128,8,1,1,1,0,0,0,5,4,2,1,1,1,1,50,1024,25165824,8598323200,341,0.314368,74.5543,27351.1
1,CUTLASS,gemm,cutlass_simt_cgemm_128x128_8x5_ht_align1,not_verified,success,universal,1024,1024,1024,cf32:row,cf32:row,cf32:column,cf32:column,1,0,serial,1,1,heuristic,invalid,invalid,false,false,1,simt,cf32,128,128,8,1,1,1,0,0,0,5,4,2,1,1,1,1,50,1024,25165824,8598323200,341,0.33792,69.3581,25444.8
1,CUTLASS,gemm,cutlass_simt_cgemm_128x128_8x5_th_align1,not_verified,success,universal,1024,1024,1024,cf32:row,cf32:row,cf32:column,cf32:column,1,0,serial,1,1,heuristic,invalid,invalid,false,false,1,simt,cf32,128,128,8,1,1,1,0,0,0,5,4,2,1,1,1,1,50,1024,25165824,8598323200,341,0.338944,69.1486,25368
1,CUTLASS,gemm,cutlass_simt_cgemm_128x128_8x5_hh_align1,not_verified,success,universal,1024,1024,1024,cf32:row,cf32:row,cf32:column,cf32:column,1,0,serial,1,1,heuristic,invalid,invalid,false,false,1,simt,cf32,128,128,8,1,1,1,0,0,0,5,4,2,1,1,1,1,50,1024,25165824,8598323200,341,0.38912,60.2321,22096.8
1,CUTLASS,gemm,cutlass_tensorop_s16832gemm_e4m3_256x128_64x3_tn_align16,not_verified,success,universal,1024,1024,1024,fe4m3:row,fe4m3:column,f32:column,f32:column,1,0,serial,1,1,heuristic,invalid,invalid,false,false,1,tensorop,f32,256,128,64,1,1,1,0,0,0,3,4,2,1,16,8,32,89,89,6291456,2149580800,341,0.084992,68.9403,25291.6
1,CUTLASS,gemm,cutlass_tensorop_bf16_s16832gemm_e4m3_256x128_64x3_tn_align16,not_verified,success,universal,1024,1024,1024,fe4m3:row,fe4m3:column,bf16:column,bf16:column,1,0,serial,1,1,heuristic,invalid,invalid,false,false,1,tensorop,f32,256,128,64,1,1,1,0,0,0,3,4,2,1,16,8,32,89,89,4194304,2149580800,512,0.086016,45.4131,24990.5
1,CUTLASS,gemm,cutlass_tensorop_s16832gemm_e4m3_e5m2_256x128_64x3_tn_align16,not_verified,success,universal,1024,1024,1024,fe4m3:row,fe5m2:column,f32:column,f32:column,1,0,serial,1,1,heuristic,invalid,invalid,false,false,1,tensorop,f32,256,128,64,1,1,1,0,0,0,3,4,2,1,16,8,32,89,89,6291456,2149580800,341,0.086016,68.1196,24990.5
1,CUTLASS,gemm,cutlass_tensorop_bf16_s16832gemm_e4m3_e5m2_256x128_64x3_tn_align16,not_verified,success,universal,1024,1024,1024,fe4m3:row,fe5m2:column,bf16:column,bf16:column,1,0,serial,1,1,heuristic,invalid,invalid,false,false,1,tensorop,f32,256,128,64,1,1,1,0,0,0,3,4,2,1,16,8,32,89,89,4194304,2149580800,512,0.084992,45.9602,25291.6
1,CUTLASS,gemm,cutlass_tensorop_s16832gemm_e5m2_e4m3_256x128_64x3_tn_align16,not_verified,success,universal,1024,1024,1024,fe5m2:row,fe4m3:column,f32:column,f32:column,1,0,serial,1,1,heuristic,invalid,invalid,false,false,1,tensorop,f32,256,128,64,1,1,1,0,0,0,3,4,2,1,16,8,32,89,89,6291456,2149580800,341,0.08704,67.3182,24696.5
1,CUTLASS,gemm,cutlass_tensorop_bf16_s16832gemm_e5m2_e4m3_256x128_64x3_tn_align16,not_verified,success,universal,1024,1024,1024,fe5m2:row,fe4m3:column,bf16:column,bf16:column,1,0,serial,1,1,heuristic,invalid,invalid,false,false,1,tensorop,f32,256,128,64,1,1,1,0,0,0,3,4,2,1,16,8,32,89,89,4194304,2149580800,512,0.088064,44.3569,24409.3
1,CUTLASS,gemm,cutlass_tensorop_s16832gemm_e5m2_256x128_64x3_tn_align16,not_verified,success,universal,1024,1024,1024,fe5m2:row,fe5m2:column,f32:column,f32:column,1,0,serial,1,1,heuristic,invalid,invalid,false,false,1,tensorop,f32,256,128,64,1,1,1,0,0,0,3,4,2,1,16,8,32,89,89,6291456,2149580800,341,0.08704,67.3182,24696.5
1,CUTLASS,gemm,cutlass_tensorop_bf16_s16832gemm_e5m2_256x128_64x3_tn_align16,not_verified,success,universal,1024,1024,1024,fe5m2:row,fe5m2:column,bf16:column,bf16:column,1,0,serial,1,1,heuristic,invalid,invalid,false,false,1,tensorop,f32,256,128,64,1,1,1,0,0,0,3,4,2,1,16,8,32,89,89,4194304,2149580800,512,0.113664,34.3666,18911.7
1,CUTLASS,gemm,cutlass_tensorop_s16832fastaccumgemm_e4m3_256x128_64x3_tn_align16,not_verified,success,universal,1024,1024,1024,fe4m3:row,fe4m3:column,f32:column,f32:column,1,0,serial,1,1,heuristic,invalid,invalid,false,false,1,tensorop,f32,256,128,64,1,1,1,0,0,0,3,4,2,1,16,8,32,89,89,6291456,2149580800,341,0.055296,105.964,38874.1
1,CUTLASS,gemm,cutlass_tensorop_bf16_s16832fastaccumgemm_e4m3_256x128_64x3_tn_align16,not_verified,success,universal,1024,1024,1024,fe4m3:row,fe4m3:column,bf16:column,bf16:column,1,0,serial,1,1,heuristic,invalid,invalid,false,false,1,tensorop,f32,256,128,64,1,1,1,0,0,0,3,4,2,1,16,8,32,89,89,4194304,2149580800,512,0.055296,70.6425,38874.1
1,CUTLASS,gemm,cutlass_tensorop_s16832fastaccumgemm_e4m3_e5m2_256x128_64x3_tn_align16,not_verified,success,universal,1024,1024,1024,fe4m3:row,fe5m2:column,f32:column,f32:column,1,0,serial,1,1,heuristic,invalid,invalid,false,false,1,tensorop,f32,256,128,64,1,1,1,0,0,0,3,4,2,1,16,8,32,89,89,6291456,2149580800,341,0.05632,104.037,38167.3
1,CUTLASS,gemm,cutlass_tensorop_bf16_s16832fastaccumgemm_e4m3_e5m2_256x128_64x3_tn_align16,not_verified,success,universal,1024,1024,1024,fe4m3:row,fe5m2:column,bf16:column,bf16:column,1,0,serial,1,1,heuristic,invalid,invalid,false,false,1,tensorop,f32,256,128,64,1,1,1,0,0,0,3,4,2,1,16,8,32,89,89,4194304,2149580800,512,0.055296,70.6425,38874.1
1,CUTLASS,gemm,cutlass_tensorop_s16832fastaccumgemm_e5m2_e4m3_256x128_64x3_tn_align16,not_verified,success,universal,1024,1024,1024,fe5m2:row,fe4m3:column,f32:column,f32:column,1,0,serial,1,1,heuristic,invalid,invalid,false,false,1,tensorop,f32,256,128,64,1,1,1,0,0,0,3,4,2,1,16,8,32,89,89,6291456,2149580800,341,0.055296,105.964,38874.1
1,CUTLASS,gemm,cutlass_tensorop_bf16_s16832fastaccumgemm_e5m2_e4m3_256x128_64x3_tn_align16,not_verified,success,universal,1024,1024,1024,fe5m2:row,fe4m3:column,bf16:column,bf16:column,1,0,serial,1,1,heuristic,invalid,invalid,false,false,1,tensorop,f32,256,128,64,1,1,1,0,0,0,3,4,2,1,16,8,32,89,89,4194304,2149580800,512,0.057344,68.1196,37485.7
1,CUTLASS,gemm,cutlass_tensorop_s16832fastaccumgemm_e5m2_256x128_64x3_tn_align16,not_verified,success,universal,1024,1024,1024,fe5m2:row,fe5m2:column,f32:column,f32:column,1,0,serial,1,1,heuristic,invalid,invalid,false,false,1,tensorop,f32,256,128,64,1,1,1,0,0,0,3,4,2,1,16,8,32,89,89,6291456,2149580800,341,0.05632,104.037,38167.3
1,CUTLASS,gemm,cutlass_tensorop_bf16_s16832fastaccumgemm_e5m2_256x128_64x3_tn_align16,not_verified,success,universal,1024,1024,1024,fe5m2:row,fe5m2:column,bf16:column,bf16:column,1,0,serial,1,1,heuristic,invalid,invalid,false,false,1,tensorop,f32,256,128,64,1,1,1,0,0,0,3,4,2,1,16,8,32,89,89,4194304,2149580800,512,0.05632,69.3581,38167.3
